Model,AUROC,AUPR,Accuracy
MLP,0.49378742388004004,0.09367946173146012,0.914
