Model,AUROC,AUPR,Accuracy
MLP,0.5020338983050847,0.01673360107095047,0.9833333333333333
